x_mm,y_mm
7.975000000000000000e+01,6.050000000000000000e+01
7.950000000000000000e+01,6.050000000000000000e+01
7.925000000000000000e+01,6.050000000000000000e+01
7.925000000000000000e+01,6.050000000000000000e+01
7.875000000000000000e+01,6.075000000000000000e+01
7.850000000000000000e+01,6.075000000000000000e+01
7.825000000000000000e+01,6.100000000000000000e+01
7.800000000000000000e+01,6.100000000000000000e+01
7.750000000000000000e+01,6.125000000000000000e+01
7.725000000000000000e+01,6.150000000000000000e+01
7.675000000000000000e+01,6.175000000000000000e+01
7.625000000000000000e+01,6.225000000000000000e+01
7.575000000000000000e+01,6.275000000000000000e+01
7.525000000000000000e+01,6.325000000000000000e+01
7.475000000000000000e+01,6.375000000000000000e+01
7.425000000000000000e+01,6.425000000000000000e+01
7.400000000000000000e+01,6.475000000000000000e+01
7.375000000000000000e+01,6.500000000000000000e+01
7.350000000000000000e+01,6.550000000000000000e+01
7.350000000000000000e+01,6.575000000000000000e+01
7.325000000000000000e+01,6.600000000000000000e+01
7.325000000000000000e+01,6.625000000000000000e+01
7.300000000000000000e+01,6.675000000000000000e+01
7.300000000000000000e+01,6.750000000000000000e+01
7.300000000000000000e+01,6.850000000000000000e+01
7.275000000000000000e+01,6.950000000000000000e+01
7.275000000000000000e+01,7.025000000000000000e+01
7.300000000000000000e+01,7.125000000000000000e+01
7.300000000000000000e+01,7.225000000000000000e+01
7.300000000000000000e+01,7.300000000000000000e+01
7.325000000000000000e+01,7.350000000000000000e+01
7.325000000000000000e+01,7.375000000000000000e+01
7.350000000000000000e+01,7.400000000000000000e+01
7.350000000000000000e+01,7.450000000000000000e+01
7.375000000000000000e+01,7.475000000000000000e+01
7.400000000000000000e+01,7.500000000000000000e+01
7.425000000000000000e+01,7.550000000000000000e+01
7.475000000000000000e+01,7.600000000000000000e+01
7.525000000000000000e+01,7.650000000000000000e+01
7.575000000000000000e+01,7.700000000000000000e+01
7.625000000000000000e+01,7.750000000000000000e+01
7.675000000000000000e+01,7.800000000000000000e+01
7.725000000000000000e+01,7.850000000000000000e+01
7.750000000000000000e+01,7.850000000000000000e+01
7.800000000000000000e+01,7.875000000000000000e+01
7.825000000000000000e+01,7.875000000000000000e+01
7.850000000000000000e+01,7.900000000000000000e+01
7.875000000000000000e+01,7.900000000000000000e+01
7.925000000000000000e+01,7.925000000000000000e+01
8.000000000000000000e+01,7.925000000000000000e+01
8.100000000000000000e+01,7.950000000000000000e+01
8.200000000000000000e+01,7.950000000000000000e+01
8.275000000000000000e+01,7.950000000000000000e+01
8.375000000000000000e+01,7.950000000000000000e+01
8.475000000000000000e+01,7.925000000000000000e+01
8.550000000000000000e+01,7.925000000000000000e+01
8.600000000000000000e+01,7.900000000000000000e+01
8.625000000000000000e+01,7.900000000000000000e+01
8.650000000000000000e+01,7.875000000000000000e+01
8.700000000000000000e+01,7.875000000000000000e+01
8.725000000000000000e+01,7.850000000000000000e+01
8.750000000000000000e+01,7.850000000000000000e+01
8.800000000000000000e+01,7.800000000000000000e+01
8.850000000000000000e+01,7.750000000000000000e+01
8.900000000000000000e+01,7.700000000000000000e+01
8.950000000000000000e+01,7.650000000000000000e+01
9.000000000000000000e+01,7.600000000000000000e+01
9.050000000000000000e+01,7.550000000000000000e+01
9.100000000000000000e+01,7.500000000000000000e+01
9.100000000000000000e+01,7.475000000000000000e+01
9.125000000000000000e+01,7.450000000000000000e+01
9.125000000000000000e+01,7.400000000000000000e+01
9.150000000000000000e+01,7.375000000000000000e+01
9.150000000000000000e+01,7.350000000000000000e+01
9.175000000000000000e+01,7.300000000000000000e+01
9.175000000000000000e+01,7.225000000000000000e+01
9.200000000000000000e+01,7.125000000000000000e+01
9.200000000000000000e+01,7.025000000000000000e+01
9.200000000000000000e+01,6.950000000000000000e+01
9.200000000000000000e+01,6.850000000000000000e+01
9.175000000000000000e+01,6.750000000000000000e+01
9.175000000000000000e+01,6.675000000000000000e+01
9.150000000000000000e+01,6.625000000000000000e+01
9.150000000000000000e+01,6.600000000000000000e+01
9.125000000000000000e+01,6.575000000000000000e+01
9.125000000000000000e+01,6.550000000000000000e+01
9.100000000000000000e+01,6.500000000000000000e+01
9.100000000000000000e+01,6.475000000000000000e+01
9.050000000000000000e+01,6.425000000000000000e+01
9.000000000000000000e+01,6.375000000000000000e+01
8.950000000000000000e+01,6.325000000000000000e+01
8.900000000000000000e+01,6.275000000000000000e+01
8.850000000000000000e+01,6.225000000000000000e+01
8.800000000000000000e+01,6.175000000000000000e+01
8.750000000000000000e+01,6.150000000000000000e+01
8.725000000000000000e+01,6.125000000000000000e+01
8.700000000000000000e+01,6.100000000000000000e+01
8.650000000000000000e+01,6.100000000000000000e+01
8.625000000000000000e+01,6.075000000000000000e+01
8.600000000000000000e+01,6.075000000000000000e+01
8.550000000000000000e+01,6.050000000000000000e+01
8.550000000000000000e+01,6.050000000000000000e+01
8.525000000000000000e+01,6.050000000000000000e+01
8.500000000000000000e+01,6.050000000000000000e+01
